state,county,gisjoin,pop_enslaved_1860,pop_total_1860,pop_total_2010,pop_black_2010,pop_white_2010,income_black_2010,income_white_2010,pct_pop_enslaved_1860,had_rosenwald_school
Alabama,Autauga,G0100010,9607,16739,54571,9643,42855,28082,58592,57.3929147499851,1
Alabama,Baldwin,G0100030,3714,7530,182265,17105,156153,28579,52455,49.3227091633466,1
Alabama,Barbour,G0100050,16150,30812,27457,12875,13180,21101,42570,52.414643645333,1
Alabama,Bibb,G0100070,3842,11894,22915,5047,17381,21153,43874,32.3020010089121,1
Alabama,Blount,G0100090,666,10865,57322,761,53068,21070,46124,6.12977450529222,1
Alabama,Butler,G0100130,6818,18122,20947,9095,11399,21309,38202,37.6227789427216,1
Alabama,Calhoun,G0100150,4342,21539,118572,24382,88840,22163,42775,20.1587817447421,1
Alabama,Chambers,G0100170,11849,23214,34215,13257,20112,23236,38009,51.0424743689153,1
Alabama,Cherokee,G0100190,3002,18360,25989,1208,24081,19375,41102,16.3507625272331,1
Alabama,Choctaw,G0100230,7094,13877,13859,6012,7731,19985,40032,51.1205591986741,1
Alabama,Clarke,G0100250,7436,15049,25833,11336,14070,15629,43402,49.4119210578776,1
Alabama,Coffee,G0100310,1417,9623,49948,8359,37330,22500,47127,14.7251376909488,1
Alabama,Conecuh,G0100350,4882,11311,13228,6149,6788,18626,41560,43.1615241800018,1
Alabama,Coosa,G0100370,5212,19273,11539,3582,7648,26520,40646,27.0430135422612,1
Alabama,Covington,G0100390,821,6469,37765,4716,32022,19740,37358,12.6912969547071,1
Alabama,Dale,G0100450,1809,12197,50251,9679,37236,29269,47440,14.8315159465442,1
Alabama,Dallas,G0100470,25760,33625,43820,30423,12769,18784,43973,76.6096654275093,1
Alabama,DeKalb,G0100490,848,10705,71109,1078,60087,25585,34990,7.92153199439514,0
Alabama,Fayette,G0100570,1703,12850,17241,1969,14910,20321,36482,13.2529182879377,1
Alabama,Franklin,G0100590,8495,18627,31704,1228,26320,20833,36250,45.6058409835186,1
Alabama,Greene,G0100630,23598,30859,9045,7370,1575,19715,47944,76.4703976149584,1
Alabama,Henry,G0100670,4433,14918,17302,4942,11865,24844,44579,29.71577959512,1
Alabama,Jackson,G0100710,3405,18283,53227,1781,48348,28602,37026,18.6238582289559,1
Alabama,Jefferson,G0100730,2649,11746,658466,276525,349166,31597,56834,22.5523582496169,1
Alabama,Lauderdale,G0100770,6737,17420,92709,9257,80112,17327,41228,38.6739380022962,1
Alabama,Lawrence,G0100790,6788,13975,34339,3938,26647,33586,40911,48.572450805009,1
Alabama,Limestone,G0100830,8085,15306,82782,10429,66506,35254,49590,52.8224225793806,1
Alabama,Lowndes,G0100850,19340,27716,11299,8310,2859,21929,50063,69.7791889161495,1
Alabama,Macon,G0100870,18176,26802,21452,17729,3319,26161,43438,67.815834639206,1
Alabama,Madison,G0100890,14573,26451,334811,80376,228280,35034,63494,55.0943253563192,1
Alabama,Marengo,G0100910,24409,31171,21027,10872,9751,20641,48674,78.3067594879856,1
Alabama,Marion,G0100930,1283,11182,30776,1184,28791,24121,32642,11.4737971740297,1
Alabama,Marshall,G0100950,1821,11472,93019,1494,81464,16824,38155,15.8734309623431,1
Alabama,Mobile,G0100970,11376,41131,412992,142992,248647,26966,49592,27.6579708735504,1
Alabama,Monroe,G0100990,8705,15667,23068,9614,12718,19419,43760,55.5626476032425,1
Alabama,Montgomery,G0101010,23710,35904,229363,125477,90656,32701,61005,66.0372103386809,1
Alabama,Morgan,G0101030,3706,11335,119490,14185,95404,24523,47665,32.6951918835465,1
Alabama,Perry,G0101050,18206,27724,10591,7276,3204,19151,37409,65.6687346703217,1
Alabama,Pickens,G0101070,12191,22316,19746,8211,11110,15484,41373,54.6289657644739,1
Alabama,Pike,G0101090,8785,24435,32899,12054,19144,20264,39406,35.9525271127481,1
Alabama,Randolph,G0101110,1904,20059,22913,4607,17532,24988,38678,9.49199860411785,1
Alabama,Russell,G0101130,15638,26592,52947,22135,28449,25183,37768,58.8071600481348,1
Alabama,Shelby,G0101170,3622,12618,195085,20732,161943,49339,71373,28.7050245680774,1
Alabama,St. Clair,G0101150,1768,11013,83593,7150,73741,35924,50691,16.0537546535912,0
Alabama,Sumter,G0101190,18091,24035,13763,10316,3326,19289,41183,75.2693987934263,1
Alabama,Talladega,G0101210,8865,23520,82291,26055,53739,26303,42430,37.6913265306122,1
Alabama,Tallapoosa,G0101230,6672,23827,41616,11083,29087,21907,43533,28.0018466445629,1
Alabama,Tuscaloosa,G0101250,10145,23200,194656,57611,129004,29057,49305,43.7284482758621,1
Alabama,Walker,G0101270,519,7980,67023,3928,61146,20436,38899,6.50375939849624,1
Alabama,Washington,G0101290,2494,4669,17581,4380,11508,20967,50235,53.416149068323,1
Alabama,Wilcox,G0101310,17797,24618,11670,8465,3126,17266,46436,72.2926314079129,1
Alabama,Winston,G0101330,122,3576,24484,115,23409,2499,34266,3.41163310961969,0
Florida,Alachua,G1200010,4457,8232,247336,50282,172156,27216,45099,54.142371234208,1
Florida,Brevard,G1200090,21,246,543376,54799,450927,35800,50901,8.53658536585366,1
Florida,Calhoun,G1200130,524,1446,14625,2011,11818,22969,35452,36.237897648686,0
Florida,Clay,G1200190,519,1914,190865,18831,156087,49001,62243,27.115987460815,0
Florida,Columbia,G1200230,2063,4646,67531,11818,52611,26661,41058,44.4037882049075,1
Florida,Duval,G1200310,1987,5074,864263,255018,526044,34447,55433,39.1604256996453,1
Florida,Escambia,G1200330,1961,5768,297619,68282,204993,26492,49279,33.997919556172,1
Florida,Franklin,G1200370,520,1904,11549,1589,9540,20915,38841,27.3109243697479,0
Florida,Gadsden,G1200390,5409,9396,46389,25996,16646,26522,49942,57.5670498084291,1
Florida,Hamilton,G1200470,1397,4154,14799,5102,8851,19662,45518,33.6302359171883,1
Florida,Hernando,G1200530,200,1200,172778,8816,154598,35506,42357,16.6666666666667,0
Florida,Hillsborough,G1200570,564,2981,1229226,205073,876137,35110,53534,18.919825561892,0
Florida,Holmes,G1200590,112,1386,19927,1147,18043,6834,32909,8.08080808080808,1
Florida,Jackson,G1200630,4903,10209,49746,13231,34373,25186,42028,48.0262513468508,1
Florida,Jefferson,G1200650,6374,9876,14761,5340,8912,30374,52134,64.5402997164844,1
Florida,Lafayette,G1200670,577,2068,8870,1411,6868,18167,47224,27.9013539651838,0
Florida,Leon,G1200730,9089,12343,275487,83520,173480,29289,54698,73.636879202787,1
Florida,Levy,G1200750,450,1781,40801,3832,34876,17591,37842,25.2667040988209,0
Florida,Liberty,G1200770,521,1457,8365,1497,6462,29318,41588,35.7584076870281,0
Florida,Madison,G1200790,4249,7779,19224,7460,11070,28115,44764,54.6214166345289,1
Florida,Manatee,G1200810,253,854,322833,28230,264322,30372,50265,29.6252927400468,1
Florida,Marion,G1200830,5314,8609,331298,40828,268284,32746,41422,61.7261005924033,1
Florida,Monroe,G1200870,451,2913,73090,4194,65409,34750,55398,15.4823206316512,0
Florida,Nassau,G1200890,1612,3644,73314,4668,65809,40613,60389,44.2371020856202,1
Florida,Orange,G1200950,163,987,1145956,238241,728795,37210,55041,16.5146909827761,1
Florida,Putnam,G1201070,1047,2712,74364,12030,57468,21576,37847,38.6061946902655,1
Florida,Santa Rosa,G1201130,1371,5480,151372,8205,132920,39178,55930,25.0182481751825,0
Florida,St. Johns,G1201090,1003,3038,190039,10684,169794,34386,64549,33.0151415404872,0
Florida,Sumter,G1201190,549,1549,93420,9022,80893,32782,44216,35.4422207876049,0
Florida,Suwannee,G1201210,835,2303,41551,4754,34299,18644,39212,36.2570560138949,1
Florida,Taylor,G1201230,125,1384,22570,4669,16964,16354,40773,9.03179190751445,1
Florida,Volusia,G1201270,297,1158,494593,51791,408256,28550,45911,25.6476683937824,1
Florida,Wakulla,G1201290,1167,2839,30776,4464,25224,57690,53692,41.1060232476224,0
Florida,Walton,G1201310,441,3037,55043,3178,48351,16654,48117,14.5209087915706,1
Florida,Washington,G1201330,474,2154,24896,3745,20014,25341,36764,22.0055710306407,0
Georgia,Appling,G1300010,745,4190,18236,3392,13385,26672,40090,17.7804295942721,1
Georgia,Baker,G1300070,3492,4985,3451,1613,1675,23486,33795,70.0501504513541,0
Georgia,Baldwin,G1300090,4929,9078,45720,18965,25121,25662,44075,54.296100462657,1
Georgia,Banks,G1300110,1086,4707,18395,427,16877,44185,40381,23.0720203951562,1
Georgia,Berrien,G1300190,432,3475,19286,2063,16327,18419,34985,12.431654676259,1
Georgia,Bibb,G1300210,6790,16291,155547,81116,67199,26842,54409,41.6794549137561,1
Georgia,Brooks,G1300270,3282,6356,16243,5729,9722,21678,48098,51.6362492133417,1
Georgia,Bryan,G1300290,2379,4015,30233,4286,24254,39315,66601,59.252801992528,1
Georgia,Bulloch,G1300310,2162,5668,70217,19409,47215,22465,43336,38.1439661256175,1
Georgia,Burke,G1300330,12052,17165,23316,11533,11070,22797,42360,70.2126420040781,1
Georgia,Butts,G1300350,3067,6455,23655,6469,16546,33421,58119,47.5135553834237,0
Georgia,Calhoun,G1300370,2731,4913,6694,4105,2326,22854,43167,55.5872175859963,0
Georgia,Camden,G1300390,4143,5420,50513,9799,37557,29063,52744,76.4391143911439,1
Georgia,Carroll,G1300450,1862,11991,110527,20089,83579,32650,49591,15.5283129013427,1
Georgia,Catoosa,G1300470,710,5082,63942,1392,59845,35635,46840,13.9708776072412,0
Georgia,Charlton,G1300490,557,1780,12171,3464,8352,31047,45903,31.2921348314607,1
Georgia,Chatham,G1300510,14807,31043,265128,106392,140010,31439,55638,47.6983538962085,1
Georgia,Chattahoochee,G1300530,2758,5797,11267,2123,7753,48207,51875,47.5763325858203,1
Georgia,Chattooga,G1300550,2054,7165,26015,2899,21828,18947,33846,28.6671318911375,1
Georgia,Cherokee,G1300570,1199,11291,214346,12117,185536,54901,68561,10.6190771410858,0
Georgia,Clarke,G1300590,5660,11218,116714,30988,72238,25962,40122,50.454626493136,1
Georgia,Clay,G1300610,2253,4893,3183,1923,1197,22817,36667,46.0453709380748,1
Georgia,Clayton,G1300630,1226,4466,259424,171480,48960,43178,43981,27.4518584863412,1
Georgia,Clinch,G1300650,449,3063,6798,1886,4581,20526,36654,14.6588312112308,1
Georgia,Cobb,G1300670,3819,14242,688078,171774,428023,47603,75172,26.8150540654402,1
Georgia,Coffee,G1300690,663,2879,42356,11283,27386,26912,38966,23.0288294546718,1
Georgia,Colquitt,G1300710,110,1316,45498,10210,29441,20860,39630,8.35866261398176,1
Georgia,Columbia,G1300730,8293,11860,124053,18439,94867,53778,69522,69.9241146711636,0
Georgia,Coweta,G1300770,7248,14703,127317,22029,96594,36547,66664,49.2960620281575,1
Georgia,Crawford,G1300790,4270,7693,12630,2818,9428,21149,41859,55.5050045495905,0
Georgia,Dade,G1300830,300,3069,16633,145,15973,70625,39750,9.77517106549365,0
Georgia,DeKalb,G1300890,2000,7806,691893,375725,230156,42818,70310,25.6213169356905,0
Georgia,Decatur,G1300870,5924,11922,27842,11438,15096,25005,39427,49.6896493876866,1
Georgia,Dooly,G1300930,4070,8917,14918,7442,6810,20359,42699,45.643153526971,1
Georgia,Dougherty,G1300950,6079,8295,94565,63470,27986,25822,46892,73.2851115129596,1
Georgia,Early,G1300990,4057,6149,11008,5462,5324,18070,42169,65.978207838673,1
Georgia,Effingham,G1301030,2165,4755,52250,7048,43182,32484,61569,45.5310199789695,0
Georgia,Elbert,G1301050,5711,10433,20166,5950,13297,25037,35292,54.7397680437075,1
Georgia,Emanuel,G1301070,1294,5081,22598,7562,13928,20679,36764,25.4674276717182,1
Georgia,Fayette,G1301130,2019,7047,106567,21395,75802,79983,83554,28.6504895700298,0
Georgia,Floyd,G1301150,5913,15195,96317,13640,74055,24715,44567,38.9141164856861,1
Georgia,Forsyth,G1301170,890,7749,175511,4510,149946,70525,88691,11.4853529487676,0
Georgia,Franklin,G1301190,1313,7393,22084,1850,19280,11731,39953,17.7600432841877,1
Georgia,Fulton,G1301210,2955,14427,920581,405575,409697,36390,84985,20.482428779372,1
Georgia,Glascock,G1301250,758,2437,3082,253,2767,22163,37478,31.103816167419,0
Georgia,Glynn,G1301270,2839,3889,79626,20726,53823,28800,58013,73.0007714065313,1
Georgia,Gordon,G1301290,2106,10146,55186,2005,47032,22005,43013,20.7569485511532,1
Georgia,Greene,G1301330,8398,12652,15994,6105,9056,22140,44707,66.3768574138476,0
Georgia,Gwinnett,G1301350,2551,12940,805321,190167,429563,52981,73499,19.7140649149923,1
Georgia,Habersham,G1301370,787,5966,43041,1444,36893,37500,41013,13.1914180355347,1
Georgia,Hall,G1301390,1261,9366,179684,13279,133197,33615,53997,13.4635917147128,1
Georgia,Hancock,G1301410,8137,12044,9429,6983,2300,21373,32250,67.5606110926603,1
Georgia,Haralson,G1301430,229,3039,28780,1353,26707,24267,39707,7.5353734781178,0
Georgia,Harris,G1301450,7736,13736,32024,5506,25392,39135,71367,56.3191613278975,1
Georgia,Hart,G1301470,1528,6137,25213,4710,19515,18986,40292,24.8981587094672,1
Georgia,Heard,G1301490,2811,7805,11834,1159,10284,43090,42208,36.0153747597694,1
Georgia,Henry,G1301510,4515,10702,203922,75277,112201,59532,68140,42.1883760044851,1
Georgia,Houston,G1301530,10755,15611,139900,39998,88626,41193,61954,68.8937287809878,1
Georgia,Irwin,G1301550,246,1699,9538,2472,6811,23914,41905,14.4791053560918,0
Georgia,Jackson,G1301570,3329,10605,60485,4103,52496,31724,52349,31.3908533710514,1
Georgia,Jasper,G1301590,6954,10743,13900,3037,10271,35745,44623,64.7305222005027,1
Georgia,Jefferson,G1301630,6045,10219,16930,9213,7206,22821,40611,59.1545160974655,1
Georgia,Johnson,G1301670,849,2919,9980,3489,6301,18217,33977,29.0853031860226,1
Georgia,Jones,G1301690,5989,9107,28669,7008,20989,45147,54708,65.7626001976502,0
Georgia,Laurens,G1301750,3269,6998,48434,17324,29355,25250,48576,46.7133466704773,1
Georgia,Lee,G1301770,4947,7196,28298,5268,21763,39040,62779,68.7465258476932,1
Georgia,Liberty,G1301790,6083,8367,63453,26805,29881,42017,44678,72.7022827775786,1
Georgia,Lincoln,G1301810,3768,5466,7996,2570,5257,23269,42292,68.9352360043908,0
Georgia,Lowndes,G1301850,2399,5249,109233,39142,63485,26488,48455,45.7039436083064,1
Georgia,Lumpkin,G1301870,432,4626,29966,340,28277,6618,44110,9.33852140077821,0
Georgia,Macon,G1301930,4865,8449,14740,8933,5177,22813,40467,57.5807787903894,1
Georgia,Madison,G1301950,1992,5933,28120,2355,24634,35817,42294,33.5749199393224,0
Georgia,Marion,G1301970,3529,7390,8742,2856,5254,23151,37328,47.7537212449256,0
Georgia,McIntosh,G1301910,4063,5546,14333,5149,8811,27439,46350,73.2600072124053,0
Georgia,Meriwether,G1301990,8748,15330,21992,8605,12741,26904,45447,57.0645792563601,1
Georgia,Miller,G1302010,640,1791,6125,1720,4266,16393,40828,35.7342266890006,1
Georgia,Mitchell,G1302050,1589,4308,23498,11219,11264,23685,49277,36.8848653667595,1
Georgia,Monroe,G1302070,10177,15953,26424,6268,19365,33199,55375,63.7936438287469,1
Georgia,Montgomery,G1302090,977,2997,9123,2397,6291,23750,40204,32.5992659325993,1
Georgia,Morgan,G1302110,7006,9997,17868,4208,12984,27313,53155,70.0810243072922,0
Georgia,Murray,G1302130,1442,7083,39628,245,35320,27026,39177,20.3586051108287,0
Georgia,Muscogee,G1302150,7445,16584,189885,86403,87870,31192,51152,44.892667631452,1
Georgia,Newton,G1302170,6458,14320,99958,40878,53754,45364,56731,45.0977653631285,1
Georgia,Oglethorpe,G1302210,7514,11549,14899,2566,11662,22316,44547,65.0619101220885,0
Georgia,Paulding,G1302230,572,7038,142324,24321,110517,53697,63650,8.12730889457232,1
Georgia,Pickens,G1302270,246,4951,29431,312,28171,40952,50922,4.96869319329428,0
Georgia,Pierce,G1302290,233,1973,18758,1666,16293,25252,40719,11.8094272681196,1
Georgia,Pike,G1302310,4722,10078,17869,1837,15606,31193,57892,46.8545346298869,1
Georgia,Polk,G1302330,2440,6295,41475,5190,31974,29740,41033,38.7609213661636,1
Georgia,Pulaski,G1302350,4106,8744,12010,3824,7679,17370,43590,46.9579139981702,1
Georgia,Putnam,G1302370,7138,10125,21218,5522,14408,22091,49252,70.4987654320988,0
Georgia,Quitman,G1302390,1625,3499,2513,1204,1290,15976,33036,46.4418405258645,0
Georgia,Rabun,G1302410,206,3271,16276,156,15185,8904,35081,6.29776826658514,0
Georgia,Randolph,G1302430,4467,9571,7719,4769,2827,16771,39865,46.6722390554801,1
Georgia,Richmond,G1302450,8389,21284,200549,108633,79624,32370,44431,39.4145837248638,1
Georgia,Schley,G1302490,2348,4633,5010,1169,3658,15605,46919,50.6799050291388,0
Georgia,Screven,G1302510,4530,8274,14593,6318,7965,22410,41005,54.7498187092096,1
Georgia,Spalding,G1302550,3819,8699,64073,21030,40148,27471,48135,43.9015978848143,1
Georgia,Stewart,G1302590,7884,13422,6058,2864,1696,19432,46667,58.7393831023693,1
Georgia,Sumter,G1302610,4890,9428,32819,17001,13852,23659,45359,51.8667798048367,1
Georgia,Talbot,G1302630,8603,13616,6865,4065,2679,19412,57299,63.1830199764982,0
Georgia,Taliaferro,G1302650,2849,4583,1717,1024,640,19516,32500,62.1645210560768,1
Georgia,Tattnall,G1302670,1157,4352,25520,7465,15991,32603,43713,26.5854779411765,1
Georgia,Taylor,G1302690,2397,5998,8906,3503,5208,14680,37763,39.9633211070357,1
Georgia,Telfair,G1302710,836,2713,16500,6017,9398,16565,32027,30.8145963877626,1
Georgia,Terrell,G1302730,2888,6232,9315,5700,3407,18358,47000,46.3414634146342,0
Georgia,Thomas,G1302750,6244,10766,44720,16497,26645,18155,46681,57.9973992197659,1
Georgia,Troup,G1302850,10002,16262,67044,22394,41216,26632,51010,61.5053498954618,1
Georgia,Twiggs,G1302890,5318,8320,9023,3724,5123,21916,32056,63.9182692307692,0
Georgia,Union,G1302910,116,4413,21356,99,20668,40777,42370,2.62859732608203,0
Georgia,Upson,G1302930,4888,9910,27153,7590,18693,21938,40891,49.3239152371342,0
Georgia,Walker,G1302950,1535,10082,68756,2829,63918,27604,39120,15.2251537393374,1
Georgia,Walton,G1302970,4621,11074,83768,13103,67057,30300,55429,41.7283727650352,1
Georgia,Ware,G1302990,377,2200,36312,10721,24103,23750,40558,17.1363636363636,1
Georgia,Warren,G1303010,5379,9820,5834,3602,2152,25052,35599,54.775967413442,0
Georgia,Washington,G1303030,6532,12698,21187,11173,9531,20087,48113,51.4411718380847,1
Georgia,Wayne,G1303050,621,2268,30099,5996,22558,24189,40967,27.3809523809524,1
Georgia,Webster,G1303070,2287,5030,2799,1185,1512,20368,32344,45.4671968190855,1
Georgia,White,G1303110,263,3315,27144,457,25824,20878,42348,7.93363499245852,0
Georgia,Whitfield,G1303130,1732,10047,102599,3845,78623,32478,43230,17.2389768089977,0
Georgia,Wilcox,G1303150,421,2115,9255,3252,5706,14479,37060,19.9054373522459,1
Georgia,Wilkes,G1303170,7953,11420,10593,4535,5616,22121,33298,69.6409807355517,1
Georgia,Wilkinson,G1303190,3887,9376,9563,3672,5598,25814,44701,41.4569112627986,1
Georgia,Worth,G1303210,632,2763,21679,5978,15232,19583,44144,22.8736880202678,0
Louisiana,Ascension,G2200050,7376,11484,107215,23846,78572,38571,70315,64.2284918146987,1
Louisiana,Assumption,G2200070,8096,15379,23421,7141,15635,28447,50853,52.6432147733923,0
Louisiana,Avoyelles,G2200090,7185,13167,42073,12398,28188,23410,36980,54.5682387787651,0
Louisiana,Bienville,G2200130,5000,11000,14353,6076,7935,20105,40683,45.4545454545455,1
Louisiana,Bossier,G2200150,8000,11348,116979,24461,84430,29613,57522,70.4970038773352,1
Louisiana,Caddo,G2200170,7338,12140,254969,120264,124942,25317,51061,60.4448105436573,1
Louisiana,Calcasieu,G2200190,1171,5928,192768,47782,136514,27201,50716,19.7537112010796,1
Louisiana,Caldwell,G2200210,1945,4833,10132,1746,8213,22981,40625,40.2441547692944,1
Louisiana,Catahoula,G2200250,6113,11651,10407,3280,6985,17391,42423,52.4675993476955,1
Louisiana,Claiborne,G2200270,7848,16848,17195,8733,8167,21483,43902,46.5811965811966,1
Louisiana,Concordia,G2200290,12542,13805,20822,8513,11959,15110,40590,90.8511408909815,1
Louisiana,De Soto,G2200310,8507,13298,26656,10449,15456,20215,53951,63.9720258685517,1
Louisiana,East Baton Rouge,G2200330,8570,16046,440171,199505,214927,32799,60480,53.4089492708463,1
Louisiana,East Feliciana,G2200370,10593,14697,20267,9108,10783,24141,50591,72.0759338640539,1
Louisiana,Franklin,G2200410,3402,6162,20767,6537,13930,16829,43144,55.2093476144109,1
Louisiana,Iberville,G2200470,10680,14661,33387,16454,16280,31262,55861,72.8463269899734,1
Louisiana,Jackson,G2200490,4098,9465,16274,4853,11084,31818,44498,43.2963549920761,1
Louisiana,Jefferson,G2200510,5120,15372,432552,113887,272115,34409,54103,33.3073119958366,1
Louisiana,Lafayette,G2200550,4463,9003,221578,57073,153706,26565,56585,49.5723647672998,1
Louisiana,Lafourche,G2200570,6395,14044,96318,12746,76445,23990,51663,45.5354599829109,0
Louisiana,Livingston,G2200630,1311,4431,128026,6505,117601,28716,55852,29.5870006770481,1
Louisiana,Madison,G2200650,12477,14133,12093,7381,4498,22350,39947,88.2827425175122,1
Louisiana,Morehouse,G2200670,6569,10357,27979,13133,14345,19885,40178,63.4257024234817,1
Louisiana,Natchitoches,G2200690,9434,16699,39566,16362,21494,18294,42362,56.4944008623271,1
Louisiana,Orleans,G2200710,14484,174491,343829,206871,113428,27107,57245,8.30071465003926,1
Louisiana,Ouachita,G2200730,2840,4727,153720,56216,92884,25237,49292,60.0803892532262,1
Louisiana,Plaquemines,G2200750,5385,8494,23042,4715,16246,35673,62744,63.3976924888156,1
Louisiana,Pointe Coupee,G2200770,12903,17718,22802,8284,14010,24252,50600,72.8242465289536,1
Louisiana,Rapides,G2200790,15358,25360,131613,42113,83373,26324,48343,60.5599369085174,1
Louisiana,Sabine,G2200850,1713,5828,24233,4026,17155,15500,38842,29.3925875085793,1
Louisiana,St. Bernard,G2200870,2240,4076,35897,6350,26579,29471,41567,54.9558390578999,0
Louisiana,St. Charles,G2200890,4182,5297,52780,14051,36540,41556,72803,78.9503492542949,0
Louisiana,St. Helena,G2200910,3711,7130,11203,5974,5034,21379,37578,52.0476858345021,0
Louisiana,St. James,G2200930,8090,11499,22102,11180,10615,39355,68638,70.3539438212019,0
Louisiana,St. John the Baptist,G2200950,4594,7930,45924,24576,19501,36942,57989,57.9319041614124,0
Louisiana,St. Landry,G2200970,11436,23104,83384,34442,46615,19512,40948,49.4979224376731,0
Louisiana,St. Martin,G2200990,7358,12674,52160,16039,34313,24241,50689,58.0558623954553,0
Louisiana,St. Mary,G2201010,13057,16816,54650,17765,32406,25656,47983,77.6462892483349,0
Louisiana,St. Tammany,G2201030,1841,5406,233740,26645,195364,38796,63715,34.0547539770625,0
Louisiana,Tensas,G2201070,14592,16078,5252,2967,2202,20703,40760,90.7575569100634,1
Louisiana,Terrebonne,G2201090,6785,12091,111860,21139,78591,29139,54960,56.1161194276735,1
Louisiana,Union,G2201110,3745,10389,22721,6182,15682,22521,45331,36.0477428048898,1
Louisiana,Vermilion,G2201130,1316,4324,57999,8286,46922,22115,46528,30.4347826086957,0
Louisiana,Washington,G2201170,1690,4708,47168,14625,31482,17957,37913,35.8963466440102,1
Louisiana,West Baton Rouge,G2201210,5340,7312,23788,8972,14271,31351,56911,73.0306345733042,1
Louisiana,West Feliciana,G2201250,9571,11671,15625,7263,8125,23750,60755,82.0066832319424,1
Louisiana,Winn,G2201270,1354,6876,15313,4702,10223,21461,35781,19.6916812100058,1
Mississippi,Adams,G2800010,14292,20165,32297,17287,13793,18901,38271,70.8752789486734,1
Mississippi,Amite,G2800050,7900,12336,13131,5427,7574,17017,31795,64.0402075226978,1
Mississippi,Attala,G2800070,5015,14169,19564,8208,11000,18043,40628,35.3941703719387,1
Mississippi,Bolivar,G2800110,9078,10471,34145,21920,11446,20207,49193,86.6965905835164,1
Mississippi,Calhoun,G2800130,1823,9518,14962,4149,10096,19645,31902,19.1531834418996,0
Mississippi,Carroll,G2800150,13808,22035,10597,3461,6956,15436,40651,62.6639437258906,1
Mississippi,Chickasaw,G2800170,9087,16426,17392,7319,9386,19636,39428,55.3208328260076,1
Mississippi,Choctaw,G2800190,4197,15722,8547,2574,5846,20349,37992,26.6950769622185,1
Mississippi,Claiborne,G2800210,12296,15679,9604,8104,1367,17640,35189,78.4233688372983,1
Mississippi,Clarke,G2800230,5076,10771,16732,5759,10741,21861,35371,47.1265434964256,1
Mississippi,Coahoma,G2800270,5085,6606,26151,19752,5989,20144,48295,76.9754768392371,1
Mississippi,Copiah,G2800290,7965,15398,29449,14983,13627,24333,47870,51.7274970775425,1
Mississippi,Covington,G2800310,1563,4408,19568,6825,12319,19315,43578,35.4582577132486,1
Mississippi,DeSoto,G2800330,13987,23336,161252,35266,116440,46558,63087,59.9374357216318,0
Mississippi,Franklin,G2800370,4752,8265,8118,2791,5257,25254,37500,57.4954627949183,1
Mississippi,Greene,G2800410,705,2232,14400,3749,10441,23389,43764,31.5860215053763,1
Mississippi,Hancock,G2800450,857,3139,43929,3138,38842,22712,46752,27.3016884358076,1
Mississippi,Harrison,G2800470,1015,4819,187105,41393,130366,31013,50903,21.0624610915128,1
Mississippi,Hinds,G2800490,22363,31339,245285,169370,69769,31570,55438,71.3583713583714,1
Mississippi,Holmes,G2800510,11975,17791,19198,16018,3001,18677,40762,67.3093136979372,1
Mississippi,Issaquena,G2800550,7244,7831,1406,906,486,15656,37045,92.5041501723918,1
Mississippi,Itawamba,G2800570,3528,17695,23401,1391,21623,19605,38957,19.9378355467646,1
Mississippi,Jackson,G2800590,1087,4122,139668,30034,100735,28323,53912,26.3706938379428,1
Mississippi,Jasper,G2800610,4549,11007,17062,8970,7894,23479,37012,41.3282456618516,1
Mississippi,Jefferson,G2800630,12396,15349,7726,6620,1060,21759,43281,80.7609616261646,1
Mississippi,Jones,G2800670,407,3323,67761,19153,45531,22562,41797,12.2479687029792,1
Mississippi,Kemper,G2800690,5741,11682,10456,6288,3689,20105,38345,49.1439821948297,1
Mississippi,Lafayette,G2800710,7129,16125,47351,11201,33976,26507,45075,44.2108527131783,1
Mississippi,Lauderdale,G2800750,5088,13313,80261,34330,43957,22079,45478,38.2182828813941,1
Mississippi,Lawrence,G2800770,3696,9213,12929,3974,8624,27634,39845,40.1172256593943,1
Mississippi,Leake,G2800790,3056,9324,23805,9654,11793,22575,41232,32.7756327756328,1
Mississippi,Lowndes,G2800870,16730,23625,59779,25993,32259,21789,50249,70.8148148148148,1
Mississippi,Madison,G2800890,18118,23382,95203,36368,54270,34858,78330,77.4869557779489,1
Mississippi,Marion,G2800910,2185,4686,27088,8752,17822,24491,36541,46.6282543747333,1
Mississippi,Marshall,G2800930,17439,28823,37144,17439,18614,26393,43333,60.5037643548555,1
Mississippi,Monroe,G2800950,12729,21283,36989,11420,25035,19323,43807,59.8082977023916,1
Mississippi,Neshoba,G2800990,2212,8343,29676,6207,17974,20704,38187,26.513244636222,1
Mississippi,Newton,G2801010,3379,9661,21720,6567,13734,28447,41652,34.9756753959218,1
Mississippi,Noxubee,G2801030,15496,20667,11545,8262,3133,17311,44615,74.9794358155514,1
Mississippi,Oktibbeha,G2801050,7631,12977,47671,17431,28224,21896,36019,58.8040379132311,1
Mississippi,Panola,G2801070,8557,13794,34707,16875,17161,23438,42188,62.0342177758446,1
Mississippi,Perry,G2801110,738,2606,12250,2451,9575,30429,42126,28.31926323868,1
Mississippi,Pike,G2801130,4935,11135,40404,20813,18745,22259,40888,44.3197126178716,1
Mississippi,Pontotoc,G2801150,7596,22113,29957,4131,23984,24533,41595,34.3508343508344,0
Mississippi,Rankin,G2801210,7103,13635,141617,26634,109523,31217,60816,52.0938760542721,1
Mississippi,Scott,G2801230,2959,8139,28264,10585,15051,26430,43584,36.3558176680182,1
Mississippi,Simpson,G2801270,2324,6080,27503,9666,17260,25705,42917,38.2236842105263,1
Mississippi,Smith,G2801290,2195,7638,16491,3776,12503,23155,41538,28.7378894998691,1
Mississippi,Sunflower,G2801330,3917,5019,29450,21479,7493,20719,38361,78.0434349472006,1
Mississippi,Tallahatchie,G2801350,5054,7890,15378,8679,5988,18877,35938,64.0557667934094,1
Mississippi,Tippah,G2801390,6331,22550,22232,3544,17779,32638,32011,28.0753880266075,0
Mississippi,Tishomingo,G2801410,4981,24149,19593,519,18509,27622,30461,20.626112882521,0
Mississippi,Tunica,G2801430,3483,4366,10778,7918,2553,22245,42660,79.7755382501145,1
Mississippi,Warren,G2801490,13763,20696,48773,22920,24548,22478,57409,66.5007730962505,1
Mississippi,Washington,G2801510,14467,15679,51137,36468,13784,21237,49149,92.2699151731616,1
Mississippi,Wayne,G2801530,1947,3691,20747,8071,12300,22263,36158,52.7499322676781,1
Mississippi,Wilkinson,G2801570,13132,15933,9878,6992,2834,23259,42108,82.4201343124333,1
Mississippi,Winston,G2801590,4223,9811,19198,8753,9972,21454,39627,43.0435225766996,1
Mississippi,Yalobusha,G2801610,9531,16952,12678,4805,7667,20196,37149,56.2234544596508,1
Mississippi,Yazoo,G2801630,16716,22373,28065,16013,11212,17634,46429,74.7150583292361,1
North Carolina,Alamance,G3700010,3445,11852,151131,28369,107420,28235,49372,29.0668241646979,1
North Carolina,Alexander,G3700030,611,6022,37198,2043,33324,31375,42336,10.146130853537,1
North Carolina,Alleghany,G3700050,206,3590,11155,140,10288,42500,30607,5.73816155988858,0
North Carolina,Anson,G3700070,6951,13664,26948,13090,12707,26014,42854,50.8709016393443,1
North Carolina,Beaufort,G3700130,5878,14766,47759,12223,32551,21499,50341,39.8076662603278,1
North Carolina,Bertie,G3700150,8185,14310,21282,13296,7488,24784,44811,57.1977638015374,1
North Carolina,Bladen,G3700170,5327,11995,35190,12268,19806,21097,36209,44.4101709045436,1
North Carolina,Brunswick,G3700190,3631,8406,107431,12291,89193,27963,48361,43.1953366642874,1
North Carolina,Buncombe,G3700210,1933,12654,238318,15211,208192,26651,45767,15.2758021179074,1
North Carolina,Burke,G3700230,2371,9237,90912,6012,76716,34792,37356,25.6685070910469,1
North Carolina,Cabarrus,G3700250,3040,10546,178011,27219,134149,41801,57009,28.8260952019723,1
North Carolina,Caldwell,G3700270,1088,7497,83029,4086,74925,20728,39183,14.5124716553288,0
North Carolina,Camden,G3700290,2127,5343,9980,1316,8193,42074,61563,39.8090960134756,1
North Carolina,Carteret,G3700310,1969,8186,66469,4041,59346,27913,47269,24.0532616662595,1
North Carolina,Caswell,G3700330,9355,16215,23719,8020,14819,26011,42651,57.6934936786926,1
North Carolina,Catawba,G3700350,1664,10729,154358,13041,126151,26849,46618,15.5093671358002,1
North Carolina,Chatham,G3700370,6246,19101,63505,8392,48237,27478,60938,32.6998586461442,1
North Carolina,Cherokee,G3700390,519,9166,27444,350,25700,16411,38265,5.66222998036221,1
North Carolina,Chowan,G3700410,3713,6842,14793,5070,9174,20563,45072,54.2677579655072,1
North Carolina,Cleveland,G3700450,2131,12348,98078,20332,74123,27285,42108,17.2578555231616,1
North Carolina,Columbus,G3700470,2463,8597,58098,17713,35735,20574,43772,28.6495289054321,1
North Carolina,Craven,G3700490,6189,16268,103505,23193,72441,28692,51954,38.0440127858372,1
North Carolina,Cumberland,G3700510,5830,16369,319431,117117,164064,37357,49869,35.6161036104832,1
North Carolina,Currituck,G3700530,2523,7415,23547,1361,21268,31281,57694,34.0256237356709,1
North Carolina,Davidson,G3700570,3076,16601,162878,14421,137359,26187,47156,18.5290042768508,1
North Carolina,Davie,G3700590,2392,8494,41240,2593,36100,30469,52622,28.1610548622557,1
North Carolina,Duplin,G3700610,7124,15784,58505,14773,33449,22925,39001,45.1343132285859,1
North Carolina,Edgecombe,G3700650,10108,17376,56552,32435,21923,26037,43102,58.1721915285451,1
North Carolina,Forsyth,G3700670,1764,12692,350670,91227,218517,33092,54369,13.8985187519697,1
North Carolina,Franklin,G3700690,7076,14107,60619,16212,40003,28424,51866,50.1594952860282,1
North Carolina,Gaston,G3700710,2199,9307,206086,31431,161166,29754,46896,23.6273772429354,1
North Carolina,Gates,G3700730,3901,8443,12197,4044,7768,29136,52388,46.2039559398318,1
North Carolina,Granville,G3700770,11086,23396,59916,19652,36205,34561,55474,47.3841682338861,0
North Carolina,Greene,G3700790,3947,7925,21362,7964,10850,31750,47746,49.8044164037855,1
North Carolina,Guilford,G3700810,3625,20056,488406,158899,278525,32329,55972,18.074391703231,1
North Carolina,Halifax,G3700830,10349,19442,54691,29109,21890,23168,42139,53.2301203579879,1
North Carolina,Harnett,G3700850,2584,8039,114678,23973,78300,28515,48658,32.1433014056475,1
North Carolina,Haywood,G3700870,313,5801,59036,624,56405,41607,41840,5.39562144457852,1
North Carolina,Henderson,G3700890,1382,10448,106740,3224,94914,37351,47420,13.2274119448698,1
North Carolina,Hertford,G3700910,4445,9504,24669,14933,8786,24270,40663,46.7697811447811,1
North Carolina,Hyde,G3700950,2791,7732,5810,1836,3718,14243,47460,36.0967408173823,1
North Carolina,Iredell,G3700970,4177,15347,159437,19047,128646,31851,53406,27.2170456766795,1
North Carolina,Jackson,G3700990,268,5515,40271,745,33489,30435,40669,4.85947416137806,1
North Carolina,Johnston,G3701010,4916,15656,168878,25546,125349,31608,53862,31.4001021972407,1
North Carolina,Jones,G3701030,3413,5730,10153,3289,6395,28353,42980,59.5636998254799,1
North Carolina,Lenoir,G3701070,5140,10220,59495,24121,31758,25240,43479,50.293542074364,1
North Carolina,Lincoln,G3701090,2115,8195,78265,4340,69940,25344,49110,25.8084197681513,1
North Carolina,Macon,G3701130,519,6004,33922,447,31811,25362,38903,8.64423717521652,1
North Carolina,Madison,G3701150,213,5908,20764,240,20035,70227,38561,3.60528097494922,1
North Carolina,Martin,G3701170,4309,10195,24505,10651,13019,25651,41796,42.2658165767533,1
North Carolina,McDowell,G3701110,1305,7120,44996,1708,40754,32721,35435,18.3286516853933,1
North Carolina,Mecklenburg,G3701190,6541,17374,919628,282804,508946,40308,67206,37.6482099689191,1
North Carolina,Montgomery,G3701230,1823,7649,27798,5231,19162,18911,37800,23.8331808079488,1
North Carolina,Moore,G3701250,2518,11427,88247,11839,70913,25417,53045,22.0355298853592,1
North Carolina,Nash,G3701270,4680,11687,95840,35650,53531,34532,51941,40.0444938820912,1
North Carolina,New Hanover,G3701290,10331,21715,202667,29907,160298,25621,53104,47.5754087036611,1
North Carolina,Northampton,G3701310,6804,13372,22099,12895,8668,24451,41566,50.8824409213282,1
North Carolina,Onslow,G3701330,3499,8856,177772,27672,131590,35990,45851,39.5099367660343,1
North Carolina,Orange,G3701350,5108,16947,133801,15928,99495,30799,61546,30.1410279105446,1
North Carolina,Pasquotank,G3701390,2983,8940,40661,15355,23059,31803,55702,33.3668903803132,1
North Carolina,Perquimans,G3701430,3558,7238,13453,3347,9694,19469,51326,49.1572257529704,1
North Carolina,Person,G3701450,5195,11221,39464,10646,26968,35421,50439,46.2971214686748,1
North Carolina,Pitt,G3701470,8473,16080,168148,57257,99075,27284,46318,52.6927860696517,1
North Carolina,Polk,G3701490,620,4043,20510,918,18633,33031,43982,15.3351471679446,1
North Carolina,Randolph,G3701510,1645,16793,141752,8176,121169,29589,42075,9.79574822842851,1
North Carolina,Richmond,G3701530,5453,11009,46639,14269,28072,20810,34866,49.5322009265147,1
North Carolina,Robeson,G3701550,5455,15489,134168,32637,38877,22196,37107,35.2185421912325,1
North Carolina,Rockingham,G3701570,6318,16746,93643,17655,70875,29625,42548,37.7284127552848,1
North Carolina,Rowan,G3701590,3930,14589,138428,22392,105923,28507,48182,26.9381040509973,1
North Carolina,Rutherford,G3701610,2391,11573,67810,6854,58221,18552,37165,20.660157262594,1
North Carolina,Sampson,G3701630,7028,16624,63431,17128,35985,25733,45139,42.2762271414822,1
North Carolina,Stanly,G3701670,1169,7801,60585,6630,50623,29468,48032,14.9852583002179,1
North Carolina,Stokes,G3701690,2469,10402,47401,1916,44021,36434,43674,23.7358200346087,1
North Carolina,Surry,G3701710,1246,10380,73673,2749,64926,24396,38179,12.0038535645472,1
North Carolina,Tyrrell,G3701770,1597,4944,4407,1683,2403,16414,39176,32.3017799352751,1
North Carolina,Union,G3701790,2246,11202,201292,23558,158954,41985,67043,20.0499910730227,1
North Carolina,Wake,G3701830,10733,28627,900993,186510,597546,41415,72992,37.4925769378559,1
North Carolina,Warren,G3701850,10401,15726,20972,10970,8128,24637,47485,66.1388782907287,1
North Carolina,Washington,G3701870,2465,6357,13228,6587,6084,22786,42059,38.7761522730848,1
North Carolina,Watauga,G3701890,104,4957,51079,877,48272,22292,32605,2.09804317127295,0
North Carolina,Wayne,G3701910,5451,14905,122623,38499,72135,30178,49438,36.5716202616572,1
North Carolina,Wilkes,G3701930,1208,14749,69340,2830,62824,27212,33913,8.19038578886704,1
North Carolina,Wilson,G3701950,3496,9720,81234,31686,42222,26498,52377,35.9670781893004,1
North Carolina,Yadkin,G3701970,1436,10714,38406,1192,34007,34228,41146,13.4030240806422,1
North Carolina,Yancey,G3701990,362,8655,17818,145,16967,8750,35697,4.18255343731947,0
South Carolina,Abbeville,G4500010,20502,32385,25417,7187,17691,17828,40096,63.3070866141732,1
South Carolina,Anderson,G4500070,8425,22873,187126,30020,149818,26694,46533,36.8338215363092,1
South Carolina,Barnwell,G4500110,17401,30743,22621,10015,11899,23869,45192,56.6015027811209,1
South Carolina,Beaufort,G4500130,32530,40053,162233,31290,116606,31906,62473,81.217386962275,1
South Carolina,Charleston,G4500190,37290,70100,350209,104239,224910,28802,59973,53.1954350927247,1
South Carolina,Chester,G4500230,10868,18122,33140,12387,19814,23630,40520,59.9713055954089,1
South Carolina,Chesterfield,G4500250,4348,11834,46734,15253,29352,23439,38993,36.7415920229846,1
South Carolina,Clarendon,G4500270,8566,13095,34971,17504,16445,24173,43180,65.4142802596411,1
South Carolina,Colleton,G4500290,32307,41916,38892,15178,22173,22084,39880,77.0755797308904,1
South Carolina,Darlington,G4500310,11877,20361,68681,28573,38366,28237,46778,58.3321054958008,1
South Carolina,Edgefield,G4500370,24060,39887,26985,10030,15825,21458,59274,60.3204051445333,1
South Carolina,Fairfield,G4500390,15534,22111,23956,14167,9236,24656,45578,70.2546243950975,1
South Carolina,Georgetown,G4500430,18109,21305,60158,20214,38005,24339,52385,84.9988265665337,1
South Carolina,Greenville,G4500450,7049,21892,451225,81497,333084,29408,51751,32.1989767951763,1
South Carolina,Horry,G4500510,2359,7962,269291,36202,215071,23884,46375,29.6282341120322,1
South Carolina,Kershaw,G4500550,7841,13086,61697,15188,43965,31164,50424,59.9189974018035,1
South Carolina,Lancaster,G4500570,5650,11797,76652,18278,54844,28041,43367,47.8935322539629,1
South Carolina,Laurens,G4500590,13200,23858,66537,16933,46848,28980,43663,55.3273535082572,1
South Carolina,Lexington,G4500630,6202,15579,262391,37522,208023,32262,56761,39.8100006418897,1
South Carolina,Marion,G4500670,9951,21190,33062,18476,13434,23151,44112,46.9608305804625,1
South Carolina,Marlboro,G4500690,6893,12434,28933,14729,11987,24085,33930,55.4367058066592,1
South Carolina,Newberry,G4500710,13695,20879,37508,11626,23301,25833,51578,65.5922218497054,1
South Carolina,Orangeburg,G4500750,16583,24896,92501,57535,31770,25754,45443,66.6090938303342,1
South Carolina,Pickens,G4500770,4195,19639,119224,7854,105747,29235,43501,21.3605580732217,1
South Carolina,Richland,G4500790,11005,18307,384504,176538,181974,36914,60520,60.1136177418474,1
South Carolina,Spartanburg,G4500830,8240,26919,284307,58565,205680,28206,46989,30.6103495672202,1
South Carolina,Sumter,G4500850,16682,23859,107456,50414,51825,27733,50252,69.919108093382,1
South Carolina,Union,G4500870,10801,19635,28961,9066,19286,22957,38674,55.0089126559715,1
South Carolina,Williamsburg,G4500890,10259,15489,34423,22637,10939,19275,41821,66.2341016205049,1
South Carolina,York,G4500910,9984,21502,226073,43003,169158,33598,57110,46.4328899637243,1
Tennessee,Anderson,G4700010,583,7068,75129,2847,69065,31875,44776,8.24844368986984,0
Tennessee,Bedford,G4700030,6744,21584,45058,3564,36848,21263,40556,31.2453669384729,1
Tennessee,Benton,G4700050,534,8463,16489,321,15737,28345,34479,6.30981921304502,0
Tennessee,Bledsoe,G4700070,689,4459,12876,470,12048,30089,29876,15.4518950437318,1
Tennessee,Blount,G4700090,1363,13270,123010,3380,114993,38030,48113,10.2712886209495,1
Tennessee,Bradley,G4700110,1173,11701,98963,4219,89386,36573,40400,10.0247842064781,1
Tennessee,Campbell,G4700130,366,6712,40716,125,39778,33906,30681,5.45292014302741,0
Tennessee,Cannon,G4700150,974,9509,13801,168,13325,46250,38290,10.2429277526554,0
Tennessee,Carroll,G4700170,4064,17437,28522,2879,24755,26923,37470,23.3067614842003,1
Tennessee,Carter,G4700190,374,7124,57424,760,55335,16657,31425,5.24985962942167,0
Tennessee,Cheatham,G4700210,1882,7258,39105,564,37374,77778,52437,25.9300082667402,1
Tennessee,Claiborne,G4700250,743,9643,32213,282,31224,22121,31281,7.70507103598465,1
Tennessee,Cocke,G4700290,849,10408,35662,669,33911,17132,28990,8.15718677940046,1
Tennessee,Coffee,G4700310,1529,9689,52796,1845,48561,30833,40676,15.7807823304779,1
Tennessee,Cumberland,G4700350,121,3460,56053,161,54266,77500,36878,3.4971098265896,0
Tennessee,Davidson,G4700370,14790,47055,626681,173730,385039,32723,50953,31.4313037934332,1
Tennessee,DeKalb,G4700410,1025,10573,18723,250,17352,29904,35012,9.69450487089757,0
Tennessee,Decatur,G4700390,784,6276,11757,338,11139,14423,31436,12.4920331421287,1
Tennessee,Dickson,G4700430,2201,9982,49666,2056,45611,28750,45290,22.0496894409938,1
Tennessee,Dyer,G4700450,2641,10536,38335,5477,31432,23431,39127,25.0664388762339,1
Tennessee,Fayette,G4700470,15473,24327,38413,10784,26578,37031,62884,63.6042257573889,1
Tennessee,Franklin,G4700510,3551,13848,41052,2109,37260,35216,42096,25.6426920854997,1
Tennessee,Gibson,G4700530,6141,21777,49683,9340,38988,19739,40277,28.1994765119162,1
Tennessee,Giles,G4700550,10848,26166,29485,3012,25480,23825,39600,41.4583811052511,1
Tennessee,Grainger,G4700570,1065,10962,22657,107,21978,4934,30552,9.71538040503558,0
Tennessee,Greene,G4700590,1297,19004,68831,1373,65358,39004,36635,6.82487897284782,0
Tennessee,Hamilton,G4700650,1419,13258,336463,67900,248716,26787,51548,10.702971790617,1
Tennessee,Hardeman,G4700690,7236,17769,27253,11281,15379,29092,35784,40.7226067871011,1
Tennessee,Hardin,G4700710,1623,11214,26026,896,24384,37946,30916,14.4729802033173,1
Tennessee,Hawkins,G4700730,1925,16162,56833,740,54817,42881,35677,11.9106546219527,1
Tennessee,Haywood,G4700750,11026,19232,18787,9465,8617,26094,40241,57.33153078203,1
Tennessee,Henderson,G4700770,3283,14491,27769,2187,24764,34808,39355,22.6554413083983,1
Tennessee,Henry,G4700790,5530,19133,32330,2599,28827,19648,38215,28.9029425599749,1
Tennessee,Hickman,G4700810,1753,9312,24690,1120,22920,12955,42144,18.8251718213058,1
Tennessee,Humphreys,G4700850,1463,9096,18538,463,17629,26417,42250,16.0839929639402,0
Tennessee,Jefferson,G4700890,2096,16043,51407,1048,48571,18159,39008,13.0648881131958,1
Tennessee,Johnson,G4700910,233,5018,18244,378,17544,9297,30293,4.64328417696293,0
Tennessee,Knox,G4700930,2370,22813,432226,38045,369794,23607,49265,10.3888133958708,1
Tennessee,Lauderdale,G4700970,2854,7559,27815,9720,17236,24688,36429,37.7563169731446,1
Tennessee,Lawrence,G4700990,1160,9320,41869,642,40050,22787,35724,12.4463519313305,1
Tennessee,Lewis,G4701010,247,2241,12161,199,11656,3875,35410,11.0218652387327,1
Tennessee,Lincoln,G4701030,6847,22828,33361,2269,29841,24741,44593,29.9938671806553,1
Tennessee,Madison,G4701130,10012,21535,98294,35636,58226,25536,51184,46.4917576039006,1
Tennessee,Marion,G4701150,678,6190,28237,1012,26501,27250,39447,10.9531502423263,0
Tennessee,Marshall,G4701170,4480,14592,30617,2003,27094,19639,44057,30.7017543859649,1
Tennessee,Maury,G4701190,14654,32498,80956,10154,66677,30052,49871,45.0920056618869,1
Tennessee,McMinn,G4701070,1909,13555,52266,2066,47954,28455,38454,14.083364072298,1
Tennessee,McNairy,G4701090,1900,14732,26075,1550,23925,22161,35353,12.8970947597068,1
Tennessee,Meigs,G4701210,638,4667,11753,116,11341,12989,33880,13.6704521105635,1
Tennessee,Monroe,G4701230,1600,12607,44519,926,41661,32713,36433,12.6913619417784,1
Tennessee,Montgomery,G4701250,9554,20895,172331,32982,122336,38176,51744,45.7238573821488,1
Tennessee,Obion,G4701310,2399,12817,31807,3367,27329,24816,42056,18.7173285480222,1
Tennessee,Perry,G4701350,548,6042,7915,119,7584,34342,31479,9.0698444223767,0
Tennessee,Putnam,G4701410,682,8558,72321,1455,66536,22826,35429,7.96915167095116,1
Tennessee,Rhea,G4701430,615,4991,31809,616,29695,30069,36685,12.322179923863,1
Tennessee,Roane,G4701450,1748,13583,54181,1440,51157,26505,43216,12.8690274607966,0
Tennessee,Robertson,G4701470,4861,15265,66283,4934,57919,26400,53071,31.844087782509,1
Tennessee,Rutherford,G4701490,12984,27918,262604,32886,205417,41329,55778,46.5076294863529,1
Tennessee,Sevier,G4701550,538,9122,89889,711,84217,38882,41701,5.89782942337207,1
Tennessee,Shelby,G4701570,16953,48092,927644,483381,376270,32489,63406,35.2511852283124,1
Tennessee,Smith,G4701590,4228,16357,19166,410,18179,38594,43524,25.8482606834994,1
Tennessee,Stewart,G4701610,2415,9896,13324,188,12605,26442,42346,24.4037995149555,0
Tennessee,Sullivan,G4701630,1074,13552,156823,3329,149208,36875,40237,7.92502951593861,1
Tennessee,Sumner,G4701650,7700,22030,160645,10311,142844,41667,55851,34.9523377212892,1
Tennessee,Tipton,G4701670,5288,10705,61081,11449,47501,27293,54963,49.3974778141056,1
Tennessee,Warren,G4701770,2320,11147,39839,1142,35650,28750,35474,20.8127747375976,1
Tennessee,Washington,G4701790,952,14829,122979,4814,112619,25625,42162,6.41985299076135,1
Tennessee,Wayne,G4701810,1269,9115,17021,978,15712,21940,35594,13.9221064179923,1
Tennessee,Weakley,G4701830,4213,18216,35021,2736,31124,17017,35024,23.1280193236715,1
Tennessee,White,G4701850,1145,9381,25841,459,24739,16860,34095,12.2055217993817,1
Tennessee,Williamson,G4701870,12367,23827,183182,7941,163728,65915,89552,51.9033029756159,1
Tennessee,Wilson,G4701890,7964,26072,113993,7297,101379,42594,62013,30.5461798097576,1
Texas,Anderson,G4800010,3668,10398,58458,12310,38632,24146,43121,35.2760146181958,1
Texas,Angelina,G4800050,686,4271,86771,13035,62537,26296,41602,16.0618122219621,1
Texas,Atascosa,G4800130,107,1578,44911,359,38130,16719,44841,6.78073510773131,0
Texas,Austin,G4800150,3914,10139,28417,2668,22379,24167,58518,38.6034125653418,1
Texas,Bastrop,G4800210,2591,7006,74171,5772,54750,32069,53687,36.9825863545532,1
Texas,Bee,G4800250,79,910,31861,2592,25092,55000,41191,8.68131868131868,1
Texas,Bell,G4800270,1005,4799,310235,66700,190553,44110,50413,20.9418628881017,0
Texas,Bexar,G4800290,1395,14454,1714773,128892,1250252,40551,50324,9.65130759651308,0
Texas,Blanco,G4800310,98,1281,10497,69,9475,21188,47908,7.65027322404372,0
Texas,Bosque,G4800350,293,2005,18212,296,16372,58000,45203,14.6134663341646,0
Texas,Bowie,G4800370,2651,5052,92565,22387,63641,28928,47442,52.4742676167854,1
Texas,Brazoria,G4800390,5110,6823,313166,37761,219416,61926,65831,74.8937417558259,1
Texas,Brazos,G4800410,1063,3096,194851,21414,142814,24180,42448,34.3346253229974,1
Texas,Brown,G4800490,0,244,38106,1382,32962,24907,39972,0,0
Texas,Burleson,G4800510,2003,5683,17187,2098,13392,25729,47133,35.24546894246,1
Texas,Burnet,G4800530,235,2487,42750,766,37825,33000,48955,9.44913550462405,0
Texas,Caldwell,G4800550,1610,4481,38066,2585,28865,26337,47337,35.9294800267797,1
Texas,Calhoun,G4800570,414,2642,21381,565,17432,37784,43516,15.669947009841,1
Texas,Cameron,G4800610,7,6028,406220,2155,353423,42740,31315,0.116124751161248,0
Texas,Chambers,G4800710,513,1508,35096,2872,27582,44477,70956,34.0185676392573,0
Texas,Cherokee,G4800730,3246,12098,50845,7498,36450,27747,38399,26.8308811373781,1
Texas,Clay,G4800770,0,109,10752,57,10224,78150,50410,0,0
Texas,Collin,G4800850,1047,9264,782341,66387,560036,57077,82005,11.3018134715026,0
Texas,Colorado,G4800890,3559,7885,20874,2740,15676,19030,43803,45.136334812936,1
Texas,Comal,G4800910,193,4030,108472,1727,97044,72421,65188,4.78908188585608,0
Texas,Comanche,G4800930,61,709,13974,53,12417,11897,35408,8.60366713681241,0
Texas,Cooke,G4800970,369,3760,38437,1054,32943,36885,49778,9.81382978723404,0
Texas,Coryell,G4800990,306,2666,75388,11943,53033,44007,47753,11.4778694673668,0
Texas,Dallas,G4801130,1074,8665,2368139,528200,1267861,36359,54678,12.3946912867859,0
Texas,DeWitt,G4801230,1643,5108,20097,1876,15206,29861,42910,32.1652310101801,0
Texas,Denton,G4801210,251,5031,662614,55534,497260,49931,74516,4.98906777976545,0
Texas,Eastland,G4801330,0,99,18583,335,16697,28250,33369,0,0
Texas,El Paso,G4801410,15,4051,800647,24864,656993,44746,37095,0.370278943470748,0
Texas,Ellis,G4801390,1104,5246,149610,13482,117662,36087,65604,21.0446054136485,1
Texas,Erath,G4801430,118,2425,37890,451,32441,18409,40205,4.8659793814433,0
Texas,Falls,G4801450,1716,3614,17866,4524,10832,18204,36102,47.4820143884892,1
Texas,Fannin,G4801470,1721,9217,33915,2312,29172,23790,46625,18.6720190951503,1
Texas,Fayette,G4801490,3786,11604,24554,1632,20491,24930,49406,32.6266804550155,1
Texas,Fort Bend,G4801570,4127,6143,585375,125818,296310,64910,87276,67.1821585544522,1
Texas,Freestone,G4801610,3613,6881,19816,3193,14484,20720,49981,52.5069030664148,1
Texas,Galveston,G4801670,1520,8229,291309,40112,211088,33605,63752,18.4712601774213,1
Texas,Goliad,G4801750,843,3384,7210,343,6035,13667,60815,24.9113475177305,0
Texas,Gonzales,G4801770,3168,8059,19807,1468,14158,21367,43480,39.3100881002606,1
Texas,Grayson,G4801810,1292,8184,120877,7081,101371,34550,49063,15.7869012707722,1
Texas,Grimes,G4801850,5468,10307,26604,4390,19409,18438,41667,53.0513243426797,1
Texas,Guadalupe,G4801870,1748,5444,131533,8512,105017,64951,61687,32.1087435709038,1
Texas,Hardin,G4801990,191,1353,54635,3193,49505,31908,55187,14.1167775314117,1
Texas,Harris,G4802010,2053,9070,4092459,775492,2318256,36233,60359,22.6350606394708,1
Texas,Harrison,G4802030,8784,15001,65631,14398,45020,22789,53929,58.5560962602493,1
Texas,Hays,G4802090,797,2126,157107,5536,126712,45029,60732,37.4882408278457,0
Texas,Henderson,G4802130,1116,4595,78532,4887,67395,23771,40939,24.2872687704026,1
Texas,Hidalgo,G4802150,1,1192,774769,4569,681649,48977,33910,0.0838926174496644,0
Texas,Hill,G4802170,650,3653,35089,2224,29307,24297,40729,17.7935943060498,0
Texas,Hopkins,G4802230,990,7745,35161,2483,28646,32262,42564,12.7824402840542,1
Texas,Houston,G4802250,2819,8058,23732,6179,15896,19505,38911,34.9838669645073,1
Texas,Hunt,G4802310,577,6630,86129,7133,70248,22697,46123,8.70286576168929,1
Texas,Jack,G4802370,50,1000,9044,340,7913,19886,46305,5,0
Texas,Jackson,G4802390,1194,2612,14075,988,11446,30795,52938,45.7120980091884,1
Texas,Jasper,G4802410,1611,4037,35710,5959,27738,17884,41672,39.9058706960614,1
Texas,Jefferson,G4802450,309,1995,252273,85291,131574,28971,53015,15.4887218045113,1
Texas,Johnson,G4802510,513,4305,150934,3979,131622,44657,55336,11.9163763066202,1
Texas,Karnes,G4802550,327,2171,14824,1377,10408,59844,42130,15.0621833256564,0
Texas,Kaufman,G4802570,533,3936,103350,10730,81776,47308,61361,13.5416666666667,1
Texas,Kerr,G4802650,49,634,49625,884,43505,18073,44043,7.72870662460568,0
Texas,Kinney,G4802710,0,61,3598,53,3187,16932,25087,0,0
Texas,Lamar,G4802770,2833,10136,49793,6703,39489,25850,41250,27.9498816101026,0
Texas,Lampasas,G4802810,153,1028,19677,632,16792,72222,46665,14.8832684824903,0
Texas,Lavaca,G4802850,1707,5945,19263,1301,16563,28083,43423,28.713204373423,1
Texas,Leon,G4802890,2620,6781,16801,1202,14258,16958,44868,38.6373691195989,1
Texas,Liberty,G4802910,1079,3189,75643,8202,58363,24637,48951,33.835058011916,1
Texas,Limestone,G4802930,1072,4537,23384,4103,16139,26754,46364,23.6279479832488,1
Texas,Madison,G4803130,675,2238,13664,2719,9149,25048,41848,30.1608579088472,1
Texas,Marion,G4803150,2017,3977,10546,2325,7752,16801,35795,50.7166205682675,1
Texas,Matagorda,G4803210,2107,3454,36702,4200,26137,20833,48071,61.0017371163868,1
Texas,Maverick,G4803230,1,726,54258,135,49617,10341,29468,0.137741046831956,0
Texas,McLennan,G4803090,2395,6206,234906,34767,164037,24874,44689,38.5916854656784,0
Texas,Medina,G4803250,106,1838,46006,1012,39369,20582,50455,5.76713819368879,0
Texas,Milam,G4803310,1542,5175,24757,2473,19347,18654,44884,29.7971014492754,1
Texas,Montgomery,G4803390,2811,5479,455746,19401,380593,42193,67533,51.3049826610695,1
Texas,Nacogdoches,G4803470,2359,8292,64524,11731,44249,19488,37955,28.4491075735649,1
Texas,Navarro,G4803490,1890,5996,47735,6606,33142,27425,45582,31.5210140093396,1
Texas,Newton,G4803510,1013,3119,14445,2901,11105,18064,41409,32.4783584482206,1
Texas,Nueces,G4803550,216,2906,340223,13637,277402,28125,45111,7.43289745354439,0
Texas,Orange,G4803610,392,1916,81837,6979,70478,26927,50284,20.4592901878914,0
Texas,Palo Pinto,G4803630,130,1524,28111,621,24497,26607,42136,8.53018372703412,0
Texas,Panola,G4803650,3058,8475,23796,3867,18267,30379,47782,36.0825958702065,1
Texas,Parker,G4803670,222,4213,116927,1915,106862,39886,61632,5.2694042250178,0
Texas,Polk,G4803730,4198,8300,45413,5211,35082,27460,34352,50.5783132530121,1
Texas,Red River,G4803870,3039,8535,12860,2233,9838,27383,38142,35.6063268892794,1
Texas,Refugio,G4803910,234,1600,7383,483,5943,46250,44337,14.625,1
Texas,Robertson,G4803950,2258,4997,16622,3586,11247,19085,50602,45.1871122673604,1
Texas,Rusk,G4804010,6132,15803,53330,9435,38512,30658,51519,38.8027589698159,1
Texas,Sabine,G4804030,1150,2750,10834,784,9658,26053,33828,41.8181818181818,0
Texas,San Augustine,G4804050,1717,4094,8865,2016,6375,19244,27235,41.9394235466536,1
Texas,San Patricio,G4804090,95,620,64804,1071,55660,30156,47926,15.3225806451613,0
Texas,Shackelford,G4804170,9,44,3378,29,3145,2499,48580,20.4545454545455,0
Texas,Shelby,G4804190,1476,5362,25448,4432,17467,20255,35649,27.5270421484521,1
Texas,Smith,G4804230,4982,13392,209714,37629,147086,27824,52056,37.2013142174433,1
Texas,Tarrant,G4804390,850,6020,1809034,268983,1205530,40333,61339,14.1196013289037,1
Texas,Titus,G4804490,2438,9648,32334,3091,21848,26994,41082,25.2694859038143,1
Texas,Travis,G4804530,3136,8080,1024266,87308,709814,36227,60809,38.8118811881188,1
Texas,Trinity,G4804550,959,4392,14585,1378,12302,17105,39690,21.8351548269581,1
Texas,Tyler,G4804570,1148,4525,21766,2390,17930,25735,36672,25.3701657458564,1
Texas,Upshur,G4804590,3794,10645,39309,3416,33466,24030,45673,35.6411460779709,1
Texas,Uvalde,G4804630,27,506,26405,170,20631,4500,36265,5.33596837944664,0
Texas,Van Zandt,G4804670,322,3777,52579,1427,47784,19718,43817,8.52528461742123,1
Texas,Victoria,G4804690,1413,4171,86793,5513,69013,32970,52465,33.8767681611124,0
Texas,Walker,G4804710,4135,8191,67861,15257,45511,19512,40276,50.4822366011476,1
Texas,Washington,G4804770,7941,15215,33718,5947,25008,20729,49248,52.1919158724943,1
Texas,Webb,G4804790,0,1397,250304,1132,220201,31250,37001,0,0
Texas,Wharton,G4804810,2734,3380,41280,5817,29793,20489,45840,80.887573964497,1
Texas,Williamson,G4804910,891,4529,422679,26196,330191,54500,69982,19.6732170457055,1
Texas,Wise,G4804970,128,3160,59127,627,52448,49500,56300,4.05063291139241,0
Texas,Wood,G4804990,1005,4968,41964,1972,37213,38986,41788,20.2294685990338,1
Texas,Young,G4805030,92,592,18550,232,16748,28603,38984,15.5405405405405,0
Virginia,Accomack,G5100010,4507,18586,33164,9303,21662,28312,44544,24.2494350586463,1
Virginia,Albemarle,G5100030,13916,26625,98970,9600,79738,38526,71532,52.2666666666667,1
Virginia,Alleghany,G5100050,990,6765,16250,761,15145,27853,44245,14.6341463414634,0
Virginia,Amelia,G5100070,7655,10741,12690,2932,9332,38750,55303,71.2689693697049,1
Virginia,Amherst,G5100090,6278,13742,32353,6148,24829,31275,49315,45.6847620433707,1
Virginia,Appomattox,G5100110,4600,8889,14973,3007,11597,41613,50582,51.7493531330858,1
Virginia,Augusta,G5100150,5616,27749,73750,2930,68848,40833,51101,20.2385671555732,1
Virginia,Bath,G5100170,946,3676,4731,222,4432,41757,50749,25.734494015234,1
Virginia,Bedford,G5100190,10176,25068,68676,3942,62775,35250,56388,40.5935854475826,1
Virginia,Botetourt,G5100230,2769,11516,33148,1005,31469,34500,65426,24.0448072247308,1
Virginia,Brunswick,G5100250,9146,14809,17434,9992,7048,25391,50736,61.7597406982241,1
Virginia,Buchanan,G5100270,30,2793,24098,616,23271,2499,29130,1.07411385606874,0
Virginia,Buckingham,G5100290,8811,15212,17146,6014,10644,29428,43424,57.9213778595845,1
Virginia,Campbell,G5100310,11580,26197,54842,7767,45024,32654,45117,44.2035347558881,1
Virginia,Caroline,G5100330,10672,18464,28545,8375,18649,45929,60285,57.7989601386482,1
Virginia,Carroll,G5100350,262,8012,30042,178,29168,11298,36566,3.27009485771343,1
Virginia,Charles City,G5100360,2947,5609,7256,3513,2970,41038,54978,52.5405598145837,1
Virginia,Charlotte,G5100370,9238,14471,12586,3751,8467,26111,42705,63.8380208693249,1
Virginia,Chesterfield,G5100410,8354,19016,316236,69412,215954,59676,74894,43.931426167438,1
Virginia,Clarke,G5100430,3375,7146,14034,746,12662,42361,75601,47.2292191435768,1
Virginia,Culpeper,G5100470,6675,12063,46689,7368,35058,42500,67146,55.3344939069883,1
Virginia,Cumberland,G5100490,6705,9961,10052,3278,6427,23092,46477,67.3125188234113,1
Virginia,Dinwiddie,G5100530,12774,30198,28001,9204,17899,44193,55713,42.300814623485,1
Virginia,Essex,G5100570,6696,10469,11151,4247,6370,41750,49088,63.9602636354953,1
Virginia,Fairfax,G5100590,3116,11834,1081726,99218,677990,75072,116537,26.3309109345952,1
Virginia,Fauquier,G5100610,10455,21706,65203,5321,55607,49600,87295,48.1664056021377,1
Virginia,Floyd,G5100630,475,8236,15279,280,14660,13725,43674,5.7673627974745,1
Virginia,Fluvanna,G5100650,4994,10353,25691,3938,20743,47721,70890,48.2372259248527,1
Virginia,Franklin,G5100670,6351,20098,56159,4575,49699,31334,47435,31.6001592198229,1
Virginia,Frederick,G5100690,2259,16546,78305,3175,69934,53750,62296,13.6528466094524,1
Virginia,Giles,G5100710,778,6883,17286,261,16723,44563,41383,11.3032108092402,0
Virginia,Gloucester,G5100730,5736,10956,36858,3197,32149,37941,60028,52.354874041621,1
Virginia,Goochland,G5100750,6139,10656,21717,4180,16820,36929,93310,57.6107357357357,1
Virginia,Grayson,G5100770,547,8252,15533,320,14802,35380,32148,6.62869607367911,1
Virginia,Greene,G5100790,1984,5022,18403,1167,16123,35341,55846,39.5061728395062,0
Virginia,Greensville,G5100810,4167,6374,12243,7321,4718,37580,45722,65.3749607781613,1
Virginia,Halifax,G5100830,14897,26520,36241,13293,22011,23730,38579,56.1726998491704,1
Virginia,Hanover,G5100850,9483,17222,99863,9304,86550,59775,78377,55.0632911392405,1
Virginia,Henrico,G5100870,20041,61616,306935,90669,181719,46636,66693,32.5256426902103,1
Virginia,Henry,G5100890,5018,12105,54151,11841,39487,29449,35660,41.4539446509707,1
Virginia,Isle of Wight,G5100930,3570,9977,35270,8712,25318,38131,70881,35.7822992883632,0
Virginia,James City,G5100950,2586,5798,67009,8805,53792,44739,79638,44.6015867540531,1
Virginia,King George,G5100990,3673,6571,23584,4214,18089,58294,82335,55.8971237254604,1
Virginia,King William,G5101010,5525,8530,15935,2819,12297,45320,73244,64.7713950762017,1
Virginia,King and Queen,G5100970,6139,10328,6945,1975,4663,38953,47466,59.4403563129357,0
Virginia,Lancaster,G5101030,2869,5151,11391,3184,7989,32714,54667,55.6979227334498,1
Virginia,Lee,G5101050,824,11032,25587,947,24092,10893,31446,7.46918056562727,0
Virginia,Loudoun,G5101070,5501,21774,312311,22710,214471,88321,120513,25.26407642142,0
Virginia,Louisa,G5101090,10194,16701,33153,5870,25996,35008,60835,61.0382611819652,1
Virginia,Lunenburg,G5101110,7305,11983,12914,4487,7856,34909,37983,60.9613619294,1
Virginia,Madison,G5101130,4397,8854,13308,1302,11543,41077,59682,49.6611700926135,0
Virginia,Mathews,G5101150,3008,7091,8978,823,7898,23419,53969,42.4199689747567,1
Virginia,Mecklenburg,G5101170,12420,20096,32727,12050,19619,24241,43001,61.8033439490446,1
Virginia,Middlesex,G5101190,2375,4364,10959,1978,8680,32893,54385,54.4225481209899,1
Virginia,Montgomery,G5101210,2219,10617,94392,3716,82643,31646,45248,20.9004426862579,1
Virginia,Nelson,G5101250,6238,13015,15020,1967,12509,38445,50667,47.9293123319247,0
Virginia,New Kent,G5101270,3374,5884,18429,2484,15057,49563,74225,57.3419442556084,1
Virginia,Northampton,G5101310,3872,7832,12389,4528,7168,20188,50508,49.438202247191,1
Virginia,Northumberland,G5101330,3439,7531,12330,3123,8801,28178,59464,45.6645863763113,1
Virginia,Nottoway,G5101350,6468,8836,15853,6227,8968,33542,40717,73.2005432322318,1
Virginia,Orange,G5101370,6111,10851,33481,4256,27584,31417,58198,56.3173901022947,1
Virginia,Page,G5101390,850,8109,24042,466,23063,42857,41785,10.482180293501,1
Virginia,Patrick,G5101410,2070,9359,18490,1085,16847,39413,35413,22.1177476226093,0
Virginia,Pittsylvania,G5101430,14340,32104,63506,14018,47918,29165,41833,44.6673311736855,1
Virginia,Powhatan,G5101450,5403,8392,28046,3822,23515,50769,75754,64.382745471878,1
Virginia,Prince Edward,G5101470,7341,11844,23368,7756,14796,29372,43277,61.9807497467072,1
Virginia,Prince George,G5101490,4997,8411,35725,11429,21845,60833,67857,59.4102960408988,1
Virginia,Prince William,G5101530,2356,8565,402002,81196,232401,77321,99683,27.5072971395213,1
Virginia,Pulaski,G5101550,1589,5416,34872,1757,32250,25121,41854,29.3389955686854,1
Virginia,Rappahannock,G5101570,3520,8850,7373,321,6834,47798,65114,39.774011299435,1
Virginia,Richmond,G5101590,2466,6856,9254,2804,6001,35234,42412,35.9684947491249,1
Virginia,Roanoke,G5101610,2643,8048,92376,4643,83140,49557,60323,32.8404572564612,1
Virginia,Rockbridge,G5101630,3985,17248,22307,594,21097,23622,45089,23.1041280148423,1
Virginia,Rockingham,G5101650,2387,23408,76314,1273,71182,46875,49789,10.1973684210526,1
Virginia,Russell,G5101670,1099,10280,28897,233,28270,36154,33157,10.6906614785992,0
Virginia,Scott,G5101690,490,12072,23177,135,22700,71063,34808,4.05897945659377,1
Virginia,Shenandoah,G5101710,753,13896,41993,734,39070,56167,50353,5.41882556131261,0
Virginia,Smyth,G5101730,1037,8952,32208,640,30847,25278,34964,11.5840035746202,1
Virginia,Southampton,G5101750,5408,12915,18570,6916,11215,35728,52466,41.8737901664731,1
Virginia,Spotsylvania,G5101770,7786,16076,122397,18671,92452,67469,80175,48.4324458820602,1
Virginia,Stafford,G5101790,3314,8555,128961,21881,93483,87407,96390,38.7375803623612,1
Virginia,Surry,G5101810,2515,6133,7058,3254,3618,49896,63750,41.0076634599707,0
Virginia,Sussex,G5101830,6384,10175,12087,7023,4747,31304,47098,62.7420147420147,1
Virginia,Tazewell,G5101850,1202,9920,45078,1333,42868,17212,35730,12.116935483871,0
Virginia,Warren,G5101870,1575,6442,37575,1736,34144,37461,61796,24.4489289040671,0
Virginia,Washington,G5101910,2547,16892,54876,690,53249,23285,40820,15.0781434998816,1
Virginia,Westmoreland,G5101930,3704,8282,17454,4891,11501,52648,53398,44.7234967399179,1
Virginia,Wise,G5101950,66,4508,41452,2137,38561,24366,33685,1.46406388642413,0
Virginia,Wythe,G5101970,2162,12305,29235,818,27790,48793,38795,17.5700934579439,1
Virginia,York,G5101990,1925,4949,65464,8751,50031,59311,84897,38.8967468175389,1
